"word","freq"
"the",2084
"of",1218
"to",904
"in",900
"and",876
"a",847
"for",406
"that",392
"on",360
"is",340
"are",292
"as",256
"with",246
"s",236
"it",229
"questions",220
"you",220
"be",206
"or",206
"have",198
"their",198
"about",196
"they",185
"from",180
"play",180
"this",174
"at",166
"can",166
"was",162
"what",160
"reading",146
"which",146
"people",144
"your",140
"by",134
"how",132
"write",130
"children",128
"b",124
"answer",122
"c",117
"more",116
"has",114
"do",110
"an",108
"e",108
"information",104
"why",104
"passage",100
"work",100
"he",98
"one",98
"if",94
"test",94
"we",92
"x",91
"should",90
"but",88
"other",88
"than",88
"these",88
"will",88
"not",84
"there",82
"below",80
"choose",78
"each",78
"some",78
"two",78
"were",78
"many",74
"when",72
"may",70
"sheet",68
"t",68
"d",67
"all",66
"boxes",66
"correct",66
"example",66
"following",66
"make",65
"also",64
"ants",64
"been",64
"his",64
"theories",64
"animals",62
"had",62
"only",62
"o",60
"bike",56
"research",56
"section",56
"up",56
"who",56
"insects",54
"out",54
"child",52
"g",52
"letter",52
"species",52
"use",52
"would",52
"any",50
"says",50
"zoos",50
"minutes",48
"i",47
"first",46
"her",46
"our",46
"spend",46
"well",46
"building",44
"debris",44
"f",44
"part",44
"sharing",44
"she",44
"such",44
"task",44
"them",44
"time",44
"writing",44
"found",42
"implicit",42
"intelligence",42
"ocean",42
"scheme",42
"statement",42
"think",42
"world",42
"based",40
"compounds",40
"given",40
"most",40
"say",40
"studies",40
"wild",40
"word",40
"complete",38
"could",38
"different",38
"learning",38
"answers",36
"city",36
"employees",36
"short",36
"used",36
"very",36
"air",34
"approach",34
"good",34
"made",34
"over",34
"staff",34
"working",34
"because",32
"between",32
"day",32
"energy",32
"letters",32
"life",32
"much",32
"no",32
"number",32
"problem",32
"through",32
"useful",32
"agree",30
"around",30
"does",30
"future",30
"into",30
"like",30
"listening",30
"often",30
"own",30
"problems",30
"so",30
"where",30
"buildings",28
"century",28
"environment",28
"give",28
"help",28
"important",28
"live",28
"old",28
"plastic",28
"provide",28
"social",28
"statements",28
"study",28
"view",28
"while",28
"age",26
"animal",26
"bikes",26
"books",26
"business",26
"group",26
"high",26
"home",26
"include",26
"marine",26
"playful",26
"researchers",26
"things",26
"those",26
"writer",26
"new",25
"adults",24
"being",24
"cities",24
"development",24
"difficult",24
"fun",24
"h",24
"however",24
"just",24
"large",24
"least",24
"order",24
"others",24
"possible",24
"rather",24
"scientists",24
"using",24
"company",23
"activities",22
"although",22
"better",22
"conditions",22
"designed",22
"even",22
"find",22
"human",22
"idea",22
"involved",22
"its",22
"knowledge",22
"lives",22
"might",22
"parents",22
"take",22
"themselves",22
"then",22
"today",22
"university",22
"years",22
"agrees",20
"another",20
"design",20
"early",20
"get",20
"hotel",20
"impact",20
"industry",20
"main",20
"management",20
"need",20
"public",20
"really",20
"recent",20
"set",20
"success",20
"way",20
"white",20
"words",20
"almost",18
"called",18
"castle",18
"certain",18
"change",18
"claims",18
"contradicts",18
"develop",18
"factors",18
"far",18
"history",18
"job",18
"jobs",18
"known",18
"less",18
"likely",18
"long",18
"lot",18
"must",18
"photographs",18
"potential",18
"reasons",18
"relevant",18
"see",18
"skills",18
"still",18
"successful",18
"support",18
"system",18
"took",18
"topic",18
"topics",18
"trash",18
"true",18
"year",18
"don",17
"notes",17
"now",17
"ages",16
"always",16
"aspects",16
"become",16
"benefit",16
"both",16
"box",16
"colleagues",16
"did",16
"every",16
"explicit",16
"family",16
"free",16
"greater",16
"hospitality",16
"including",16
"interest",16
"landscape",16
"later",16
"list",16
"little",16
"look",16
"looked",16
"online",16
"opportunities",16
"place",16
"railway",16
"real",16
"right",16
"same",16
"self",16
"show",16
"something",16
"threats",16
"types",16
"us",16
"activity",14
"actually",14
"after",14
"aging",14
"along",14
"ancient",14
"area",14
"became",14
"believe",14
"book",14
"career",14
"com",14
"conservation",14
"cost",14
"days",14
"developing",14
"disease",14
"dutch",14
"employee",14
"ever",14
"everyone",14
"experience",14
"false",14
"great",14
"guided",14
"him",14
"hospitals",14
"huge",14
"insect",14
"island",14
"know",14
"learn",14
"living",14
"low",14
"major",14
"motivation",14
"my",14
"past",14
"performance",14
"photography",14
"power",14
"practices",14
"result",14
"similar",14
"structured",14
"students",14
"three",14
"together",14
"transport",14
"various",14
"water",14
"weather",14
"whole",14
"without",14
"worked",14
"natural",13
"adult",12
"back",12
"band",12
"before",12
"bought",12
"carried",12
"companies",12
"compared",12
"education",12
"electricity",12
"evidence",12
"examples",12
"explain",12
"fact",12
"full",12
"goal",12
"level",12
"levels",12
"longer",12
"makes",12
"mammoths",12
"manager",12
"media",12
"music",12
"mussels",12
"park",12
"patients",12
"person",12
"personal",12
"point",12
"policies",12
"populations",12
"process",12
"productivity",12
"put",12
"range",12
"reduce",12
"school",12
"scientific",12
"several",12
"shopping",12
"shows",12
"society",12
"structures",12
"taken",12
"talk",12
"terms",12
"text",12
"though",12
"until",12
"ventilation",12
"views",12
"visitors",12
"ways",12
"young",12
"ext",11
"next",11
"ow",11
"ability",10
"achieve",10
"again",10
"already",10
"among",10
"available",10
"best",10
"brains",10
"built",10
"businesses",10
"came",10
"cars",10
"changes",10
"composer",10
"conditioning",10
"contains",10
"continue",10
"create",10
"created",10
"data",10
"date",10
"decline",10
"designs",10
"details",10
"discuss",10
"disorder",10
"down",10
"during",10
"educational",10
"entrance",10
"experiences",10
"facilities",10
"few",10
"findings",10
"five",10
"focus",10
"form",10
"general",10
"go",10
"got",10
"half",10
"hospital",10
"importance",10
"improve",10
"increase",10
"increased",10
"increasingly",10
"inspired",10
"international",10
"j",10
"key",10
"lead",10
"line",10
"literature",10
"looking",10
"lower",10
"mammoth",10
"managers",10
"means",10
"modern",10
"motivated",10
"national",10
"nature",10
"older",10
"once",10
"open",10
"pacific",10
"paper",10
"particular",10
"per",10
"perceived",10
"photographer",10
"photographic",10
"playing",10
"pollution",10
"popular",10
"population",10
"presentation",10
"produced",10
"published",10
"quality",10
"question",10
"researcher",10
"reservoir",10
"risk",10
"room",10
"rooms",10
"science",10
"sections",10
"six",10
"skyscrapers",10
"small",10
"source",10
"speaking",10
"stories",10
"studio",10
"summary",10
"theft",10
"thinking",10
"trip",10
"umber",10
"usually",10
"value",10
"volunteers",10
"wanted",10
"wards",10
"wildlife",10
"wish",10
"zoo",10
"according",8
"action",8
"actively",8
"affect",8
"affected",8
"against",8
"aimed",8
"allow",8
"ant",8
"areas",8
"art",8
"asked",8
"asks",8
"assumptions",8
"attention",8
"attitudes",8
"baker",8
"balance",8
"basic",8
"becoming",8
"believed",8
"benefits",8
"birds",8
"born",8
"boys",8
"brain",8
"buy",8
"candidate",8
"captivity",8
"carbon",8
"card",8
"care",8
"cause",8
"cells",8
"centuries",8
"chip",8
"collection",8
"communication",8
"comparisons",8
"construction",8
"control",8
"country",8
"crime",8
"cultures",8
"derived",8
"describe",8
"die",8
"discussion",8
"display",8
"drug",8
"dying",8
"eastern",8
"eat",8
"eating",8
"effect",8
"efforts",8
"electronic",8
"end",8
"engaged",8
"especially",8
"everything",8
"examined",8
"examiner",8
"exist",8
"expectations",8
"expected",8
"familiar",8
"features",8
"feel",8
"festival",8
"fly",8
"food",8
"four",8
"goals",8
"government",8
"health",8
"helped",8
"herself",8
"highly",8
"homes",8
"hotels",8
"impossible",8
"included",8
"intended",8
"interested",8
"interesting",8
"internet",8
"kinds",8
"kingdom",8
"lab",8
"led",8
"left",8
"light",8
"liked",8
"maintaining",8
"medicine",8
"mention",8
"never",8
"numbers",8
"off",8
"ones",8
"opened",8
"opportunity",8
"opposed",8
"p",8
"particularly",8
"pieces",8
"plans",8
"played",8
"policy",8
"present",8
"press",8
"previous",8
"prey",8
"products",8
"project",8
"protect",8
"proved",8
"purpose",8
"purposes",8
"quickly",8
"reason",8
"reduction",8
"related",8
"reporting",8
"river",8
"role",8
"said",8
"satisfaction",8
"schemes",8
"schools",8
"sea",8
"seem",8
"seems",8
"selecting",8
"serious",8
"serve",8
"service",8
"significant",8
"since",8
"solve",8
"sophisticated",8
"spread",8
"start",8
"started",8
"stay",8
"street",8
"strong",8
"structure",8
"studied",8
"studying",8
"suggests",8
"surface",8
"systems",8
"term",8
"thinks",8
"threat",8
"times",8
"turbines",8
"under",8
"understanding",8
"united",8
"variety",8
"vast",8
"visit",8
"waves",8
"website",8
"week",8
"went",8
"whether",8
"woolly",8
"workers",8
"wrong",8
"y",8
"yet",8
"needs",7
"able",6
"academic",6
"accurate",6
"across",6
"actions",6
"active",6
"advantage",6
"advantages",6
"advertising",6
"ago",6
"aim",6
"analysis",6
"antimicrobial",6
"anything",6
"apprentices",6
"appropriate",6
"architectural",6
"ask",6
"avenue",6
"average",6
"away",6
"bad",6
"basis",6
"began",6
"behavior",6
"biggest",6
"billings",6
"birth",6
"bits",6
"bodies",6
"bring",6
"build",6
"ca",6
"captive",6
"case",6
"chairman",6
"chance",6
"changed",6
"characters",6
"childhood",6
"circulation",6
"climate",6
"cognitive",6
"completely",6
"composers",6
"compound",6
"concert",6
"containing",6
"council",6
"creatures",6
"criteria",6
"cycle",6
"dangers",6
"danish",6
"death",6
"decades",6
"decided",6
"definition",6
"described",6
"determine",6
"developed",6
"diet",6
"differ",6
"difference",6
"directed",6
"disadvantages",6
"discovered",6
"dissatisfaction",6
"distributed",6
"documentaries",6
"doing",6
"drive",6
"drugs",6
"earlier",6
"ecosystems",6
"effects",6
"either",6
"elements",6
"elite",6
"embraced",6
"emigrated",6
"enable",6
"enjoy",6
"enjoyed",6
"entire",6
"environmental",6
"environments",6
"equal",6
"essential",6
"exhibition",6
"existing",6
"explains",6
"exploring",6
"extent",6
"extinction",6
"favorable",6
"figure",6
"final",6
"flexible",6
"focused",6
"followed",6
"forms",6
"fruit",6
"function",6
"fundamental",6
"further",6
"garden",6
"gave",6
"girls",6
"glass",6
"global",6
"going",6
"growth",6
"guest",6
"hard",6
"having",6
"held",6
"helping",6
"helps",6
"here",6
"historical",6
"horse",6
"ice",6
"ideas",6
"improvement",6
"increasing",6
"individual",6
"intellectual",6
"intelligent",6
"intrinsically",6
"introduction",6
"investigated",6
"issues",6
"itself",6
"keep",6
"kind",6
"laboratory",6
"lack",6
"landscapes",6
"language",6
"largely",6
"larger",6
"let",6
"limited",6
"linked",6
"location",6
"locations",6
"looks",6
"lost",6
"majority",6
"making",6
"market",6
"match",6
"materials",6
"meals",6
"meet",6
"members",6
"mentioned",6
"middle",6
"miller",6
"mistakes",6
"money",6
"movement",6
"moving",6
"night",6
"oil",6
"opinion",6
"organizations",6
"original",6
"ought",6
"papers",6
"paragraph",6
"paragraphs",6
"partner",6
"parts",6
"pass",6
"pay",6
"perform",6
"pharmaceutical",6
"phenomenon",6
"physical",6
"piano",6
"picture",6
"piper",6
"plan",6
"plants",6
"points",6
"poor",6
"possibility",6
"predators",6
"pressure",6
"principles",6
"professor",6
"progress",6
"projects",6
"quantities",6
"react",6
"read",6
"reality",6
"recognition",6
"regard",6
"regulate",6
"remember",6
"renewable",6
"represent",6
"required",6
"rest",6
"results",6
"retain",6
"rewarded",6
"rich",6
"rivers",6
"rob",6
"rose",6
"rules",6
"sake",6
"satisfied",6
"scale",6
"scenes",6
"scent",6
"second",6
"seeing",6
"separate",6
"shops",6
"showed",6
"showing",6
"simply",6
"soon",6
"sources",6
"south",6
"speaker",6
"st",6
"standards",6
"station",6
"stayed",6
"story",6
"stress",6
"substances",6
"succeeded",6
"sufficient",6
"suggested",6
"sure",6
"surprised",6
"symbolic",6
"taking",6
"tasks",6
"teacher",6
"teaching",6
"team",6
"technology",6
"ten",6
"tested",6
"testing",6
"theory",6
"therefore",6
"thing",6
"throughout",6
"thus",6
"tiny",6
"too",6
"toys",6
"trail",6
"travel",6
"trips",6
"turnover",6
"type",6
"understand",6
"undertaking",6
"unlike",6
"urban",6
"uses",6
"volume",6
"west",6
"within",6
"worker",6
"yes",6
"younger",6
"name",5
"necessarily",5
"needed",5
"won",5
"abandoned",4
"abilities",4
"abroad",4
"accept",4
"accommodation",4
"account",4
"accountant",4
"achievements",4
"achievers",4
"acquire",4
"added",4
"addition",4
"address",4
"adds",4
"affecting",4
"affects",4
"agents",4
"aggressively",4
"aid",4
"alive",4
"allowing",4
"amateur",4
"amounts",4
"anew",4
"anyone",4
"appear",4
"applied",4
"apprenticeship",4
"architecture",4
"argue",4
"artistic",4
"arts",4
"asking",4
"assist",4
"associated",4
"association",4
"assumption",4
"atmospheric",4
"attacked",4
"attended",4
"award",4
"awareness",4
"background",4
"bacteria",4
"bank",4
"base",4
"bees",4
"beginning",4
"behavioral",4
"behaviors",4
"beliefs",4
"believes",4
"belonged",4
"beneficial",4
"bicycle",4
"bio",4
"biography",4
"blow",4
"board",4
"booking",4
"breakfast",4
"breaks",4
"bred",4
"breeding",4
"brick",4
"bringing",4
"broader",4
"brown",4
"bugs",4
"call",4
"cancer",4
"cannot",4
"capacity",4
"car",4
"carefully",4
"carry",4
"carrying",4
"cases",4
"categories",4
"category",4
"centered",4
"ceremonies",4
"chain",4
"challenging",4
"changing",4
"characteristics",4
"check",4
"chemical",4
"chemistry",4
"chosen",4
"cleaning",4
"cleanup",4
"clear",4
"close",4
"clues",4
"coastal",4
"codes",4
"come",4
"commission",4
"commissions",4
"comparison",4
"competition",4
"competitive",4
"completed",4
"complexes",4
"compositions",4
"concerned",4
"condition",4
"conditioned",4
"conference",4
"confidence",4
"connected",4
"conscious",4
"consider",4
"considered",4
"considering",4
"contact",4
"contemporary",4
"contends",4
"content",4
"continues",4
"continuum",4
"contrast",4
"contribute",4
"contributions",4
"cooled",4
"counterparts",4
"countries",4
"course",4
"creating",4
"creature",4
"critical",4
"cultural",4
"currently",4
"dam",4
"danger",4
"deal",4
"decide",4
"decisions",4
"decrease",4
"definitions",4
"degree",4
"demand",4
"department",4
"designer",4
"desirable",4
"despite",4
"destruction",4
"detailed",4
"deteriorate",4
"detrimental",4
"developmental",4
"devices",4
"diagram",4
"dichotomy",4
"dictionary",4
"differences",4
"diminishing",4
"direction",4
"directly",4
"disagree",4
"disasters",4
"discovery",4
"distance",4
"diverse",4
"diversity",4
"dolls",4
"dominated",4
"done",4
"dramatic",4
"drawing",4
"driven",4
"driving",4
"dropped",4
"due",4
"ear",4
"easier",4
"ecologists",4
"ecology",4
"ecosystem",4
"educators",4
"effective",4
"effectively",4
"efficiency",4
"eight",4
"electric",4
"elsewhere",4
"embrace",4
"emissions",4
"emotional",4
"employed",4
"employment",4
"en",4
"encourage",4
"encouraged",4
"encouraging",4
"engage",4
"engineer",4
"enough",4
"ensure",4
"environmentally",4
"epidemics",4
"equally",4
"es",4
"essentially",4
"estate",4
"eventually",4
"everybody",4
"exact",4
"excursions",4
"expensive",4
"experiment",4
"experiments",4
"experts",4
"explanation",4
"exports",4
"extinct",4
"extra",4
"extremely",4
"extrinsic",4
"extrinsically",4
"facets",4
"facilitate",4
"failed",4
"fairy",4
"falls",4
"fewer",4
"finding",4
"fire",4
"firstly",4
"fish",4
"fit",4
"focusing",4
"follow",4
"forecasting",4
"forest",4
"formal",4
"formally",4
"forward",4
"foster",4
"foundations",4
"fraction",4
"framing",4
"freedom",4
"freely",4
"fresh",4
"friendly",4
"fully",4
"functions",4
"fungi",4
"gain",4
"game",4
"garbage",4
"generally",4
"generate",4
"generated",4
"generating",4
"getting",4
"gives",4
"giving",4
"gone",4
"goods",4
"google",4
"grange",4
"growing",4
"habitat",4
"happen",4
"happened",4
"harm",4
"harmed",4
"headings",4
"healthier",4
"healthy",4
"hearing",4
"higher",4
"hiring",4
"hobby",4
"hope",4
"hopes",4
"house",4
"houses",4
"humans",4
"hybrid",4
"hydroelectric",4
"identified",4
"illustrations",4
"images",4
"impacts",4
"implications",4
"improved",4
"improvements",4
"includes",4
"indeed",4
"influence",4
"initially",4
"initiatives",4
"inspire",4
"instance",4
"instead",4
"institute",4
"insufficient",4
"insurance",4
"interactions",4
"intrinsic",4
"invented",4
"investigating",4
"investigation",4
"investment",4
"involve",4
"involves",4
"isolated",4
"isolating",4
"ix",4
"john",4
"judgments",4
"keeping",4
"kept",4
"knows",4
"land",4
"largest",4
"larvae",4
"last",4
"late",4
"latest",4
"lay",4
"leading",4
"learned",4
"leave",4
"lines",4
"lots",4
"lucky",4
"lunch",4
"luxury",4
"magical",4
"makers",4
"manage",4
"marks",4
"martin",4
"masters",4
"matter",4
"maybe",4
"me",4
"measure",4
"medical",4
"medicinal",4
"medicines",4
"meeting",4
"member",4
"met",4
"metal",4
"methods",4
"miasmas",4
"mid",4
"mistake",4
"module",4
"mole",4
"moment",4
"months",4
"morale",4
"move",4
"moved",4
"municipality",4
"mushroom",4
"musicians",4
"nations",4
"near",4
"non",4
"northern",4
"numerous",4
"occupation",4
"offices",4
"omitted",4
"onshore",4
"operate",4
"operating",4
"organisms",4
"organizational",4
"oriented",4
"outdoor",4
"overcome",4
"pain",4
"painted",4
"parasites",4
"participate",4
"patch",4
"pathogenic",4
"pathogens",4
"pedal",4
"percentages",4
"perception",4
"perceptions",4
"performed",4
"performers",4
"perhaps",4
"period",4
"permission",4
"perspective",4
"phenomena",4
"philosopher",4
"photographed",4
"photos",4
"planet",4
"planned",4
"playfulness",4
"plays",4
"plenty",4
"pointing",4
"popularity",4
"portraiture",4
"position",4
"powerful",4
"prevent",4
"primary",4
"principal",4
"printed",4
"probably",4
"produce",4
"product",4
"professional",4
"promising",4
"proportion",4
"proven",4
"providing",4
"putting",4
"queen",4
"quite",4
"quotation",4
"racks",4
"railways",4
"rate",4
"re",4
"recalls",4
"recognized",4
"reference",4
"regarded",4
"rehearsals",4
"reintroduced",4
"relationship",4
"relatively",4
"released",4
"remain",4
"remains",4
"remoteness",4
"reproduced",4
"requiring",4
"residents",4
"resource",4
"responded",4
"responsibility",4
"restaurants",4
"restore",4
"retention",4
"returned",4
"riding",4
"rise",4
"rising",4
"risks",4
"rogers",4
"roman",4
"run",4
"safe",4
"saturated",4
"saw",4
"saying",4
"scholars",4
"schooling",4
"sciences",4
"seabirds",4
"sealed",4
"secrete",4
"sector",4
"security",4
"send",4
"sense",4
"serotonin",4
"services",4
"sets",4
"seven",4
"shared",4
"ships",4
"shore",4
"shown",4
"significantly",4
"signs",4
"similarities",4
"single",4
"sit",4
"sites",4
"slow",4
"smaller",4
"sodium",4
"sold",4
"solving",4
"someone",4
"somewhat",4
"son",4
"specifically",4
"spent",4
"spontaneous",4
"stage",4
"starting",4
"states",4
"steps",4
"stored",4
"strategies",4
"subject",4
"suffer",4
"suggest",4
"suitable",4
"superior",4
"supports",4
"surprising",4
"swimming",4
"synaptic",4
"synthetic",4
"talks",4
"target",4
"targeted",4
"television",4
"temperature",4
"terrace",4
"tests",4
"thanks",4
"thousands",4
"tidal",4
"title",4
"tooth",4
"total",4
"towards",4
"tower",4
"town",4
"tradition",4
"traditional",4
"trained",4
"treatment",4
"tried",4
"try",4
"turned",4
"typical",4
"typically",4
"u",4
"underground",4
"underwater",4
"unexpected",4
"unknown",4
"usefulness",4
"v",4
"values",4
"ventilated",4
"verbatim",4
"visited",4
"w",4
"walls",4
"want",4
"watching",4
"weekend",4
"weight",4
"whatever",4
"widely",4
"widespread",4
"wilderness",4
"winning",4
"wood",4
"workplace",4
"wrote",4
"xiv",4
"yr",4
"naked",3
"necessary",3
"north",3
"nothing",3
"nowadays",3
"summer",3
"abolish",2
"absorb",2
"absorbing",2
"academy",2
"accepted",2
"accidentally",2
"accommodate",2
"accomplish",2
"accomplished",2
"accomplishments",2
"achieved",2
"achievement",2
"acoustic",2
"acres",2
"act",2
"acted",2
"activists",2
"actors",2
"actual",2
"ad",2
"adaptable",2
"add",2
"additional",2
"addresses",2
"addressing",2
"adequate",2
"administer",2
"adopt",2
"adopted",2
"advance",2
"advances",2
"advice",2
"advised",2
"advocated",2
"afternoon",2
"agent",2
"agreed",2
"agreement",2
"agricultural",2
"agriculture",2
"aids",2
"ailments",2
"aims",2
"alarm",2
"albums",2
"aligned",2
"allergies",2
"allocated",2
"allowed",2
"alone",2
"alongside",2
"alternatively",2
"altitude",2
"ancestors",2
"animated",2
"announced",2
"antibiotic",2
"antibiotics",2
"antique",2
"antiviral",2
"apart",2
"apartment",2
"apartments",2
"appeals",2
"appeared",2
"appears",2
"appreciation",2
"approaches",2
"approaching",2
"approximately",2
"archives",2
"argument",2
"arise",2
"arousing",2
"array",2
"arrow",2
"artificial",2
"aspect",2
"ass",2
"assessing",2
"assign",2
"assisted",2
"ate",2
"attend",2
"attracted",2
"attracting",2
"attraction",2
"author",2
"authorities",2
"authors",2
"autism",2
"automatically",2
"autonomous",2
"autonomy",2
"autumn",2
"avail",2
"availability",2
"avoided",2
"aware",2
"backwater",2
"badly",2
"bags",2
"balancing",2
"bandwagon",2
"banks",2
"barely",2
"barriers",2
"basement",2
"beach",2
"beautiful",2
"bee",2
"beginners",2
"begins",2
"begs",2
"begun",2
"behaved",2
"behind",2
"beings",2
"belief",2
"believing",2
"bells",2
"belongs",2
"besides",2
"bewildering",2
"beyond",2
"bicycles",2
"big",2
"billion",2
"biologists",2
"bird",2
"bit",2
"blame",2
"blamed",2
"blend",2
"blocks",2
"bloodstreams",2
"boasts",2
"bold",2
"bolstered",2
"booked",2
"boosted",2
"boosting",2
"bosses",2
"bothersome",2
"bottlenecks",2
"bout",2
"bow",2
"breaking",2
"breakwater",2
"breathing",2
"bridges",2
"brings",2
"broad",2
"broadly",2
"brother",2
"brought",2
"buffet",2
"bullying",2
"buying",2
"cabinet",2
"calculated",2
"calculations",2
"calendar",2
"calendars",2
"calling",2
"canoe",2
"capabilities",2
"capitals",2
"capture",2
"capturing",2
"carcasses",2
"careers",2
"caretakers",2
"cargo",2
"caring",2
"cat",2
"catching",2
"catering",2
"caused",2
"cc",2
"celebrates",2
"cell",2
"center",2
"certainly",2
"challenge",2
"challenged",2
"challenges",2
"channels",2
"chaos",2
"chapter",2
"characteristically",2
"charge",2
"chart",2
"charts",2
"cheap",2
"chemicals",2
"childcare",2
"chimpanzees",2
"choice",2
"cholera",2
"chose",2
"circumstances",2
"cited",2
"claim",2
"clarity",2
"classified",2
"clearer",2
"clearing",2
"clearly",2
"climates",2
"clinic",2
"clip",2
"closed",2
"closer",2
"clothing",2
"club",2
"co",2
"coast",2
"coexisted",2
"coffee",2
"coin",2
"coincides",2
"collaboration",2
"collapses",2
"colleague",2
"collections",2
"colonies",2
"colony",2
"colossal",2
"combined",2
"combining",2
"comforts",2
"comics",2
"coming",2
"comment",2
"commented",2
"commenting",2
"comments",2
"commercial",2
"common",2
"commonly",2
"communal",2
"communicate",2
"comparable",2
"compare",2
"compensation",2
"competencies",2
"competent",2
"competing",2
"competitors",2
"complain",2
"complaints",2
"completing",2
"complex",2
"complexity",2
"component",2
"composed",2
"composition",2
"compromised",2
"computer",2
"concentrations",2
"concept",2
"conceptions",2
"conceptualize",2
"concerning",2
"concerts",2
"conclusions",2
"condemned",2
"conducted",2
"conflicts",2
"conjure",2
"connecting",2
"connection",2
"consensus",2
"consequently",2
"conservatory",2
"considerable",2
"consists",2
"conspicuous",2
"construct",2
"constructed",2
"constructive",2
"consumed",2
"consumerism",2
"consuming",2
"consumption",2
"contain",2
"containers",2
"contents",2
"context",2
"contexts",2
"continually",2
"continued",2
"continuous",2
"contrasts",2
"contributed",2
"contributes",2
"controlled",2
"controversy",2
"conventionally",2
"conversion",2
"convinced",2
"cool",2
"cooling",2
"cooperated",2
"cooperation",2
"coordination",2
"copies",2
"copy",2
"cornet",2
"corporation",2
"correction",2
"corrections",2
"correspondence",2
"cosine",2
"cosmetics",2
"costs",2
"costume",2
"coughing",2
"counterpart",2
"counting",2
"countless",2
"countryside",2
"couple",2
"coupled",2
"courts",2
"courtyard",2
"craft",2
"crash",2
"creasing",2
"creation",2
"creative",2
"creativity",2
"crept",2
"crises",2
"crisis",2
"critically",2
"cross",2
"crucial",2
"cs",2
"culmination",2
"culture",2
"curing",2
"current",2
"curriculum",2
"curtailed",2
"customer",2
"cutoff",2
"cutting",2
"cycles",2
"cyclists",2
"damage",2
"damaged",2
"damaging",2
"dance",2
"dancing",2
"dangerous",2
"darker",2
"dates",2
"daunting",2
"dealing",2
"deaths",2
"debate",2
"debated",2
"decision",2
"decisive",2
"declines",2
"decorating",2
"defensive",2
"defined",2
"defining",2
"defying",2
"delicate",2
"delight",2
"delivering",2
"dementia",2
"democracy",2
"demographics",2
"demonstrate",2
"demonstrated",2
"demonstrates",2
"density",2
"dependent",2
"depicting",2
"deposit",2
"deprive",2
"describes",2
"describing",2
"description",2
"descriptions",2
"designers",2
"designing",2
"desire",2
"destination",2
"deter",2
"determining",2
"detriment",2
"develops",2
"devise",2
"devoid",2
"diagnosis",2
"died",2
"differently",2
"difficulties",2
"difficulty",2
"digitally",2
"dimension",2
"dinner",2
"direct",2
"directs",2
"disappearance",2
"disappears",2
"disappointed",2
"disappointing",2
"discourage",2
"discouraged",2
"discoveries",2
"discrete",2
"discusses",2
"discussing",2
"dish",2
"dislike",2
"disliked",2
"dismal",2
"disorders",2
"disposing",2
"dispositional",2
"disproved",2
"dissatisfied",2
"distinct",2
"distinction",2
"distribute",2
"divided",2
"doctoral",2
"documenting",2
"dollar",2
"dolphin",2
"domain",2
"domains",2
"dopamine",2
"doses",2
"downhill",2
"dragons",2
"drainage",2
"draw",2
"drawbacks",2
"drawn",2
"dressed",2
"drinks",2
"driver",2
"drop",2
"drought",2
"duties",2
"earnings",2
"earns",2
"earth",2
"easy",2
"eaten",2
"ecological",2
"ecologically",2
"ecologist",2
"edge",2
"educate",2
"educating",2
"effected",2
"effort",2
"elaborate",2
"elder",2
"elderly",2
"elucidate",2
"elude",2
"embedded",2
"embracing",2
"emergence",2
"emotions",2
"emphasis",2
"emphasized",2
"emphasizes",2
"employer",2
"enables",2
"enchanting",2
"encountered",2
"ends",2
"engineered",2
"engineering",2
"enhance",2
"enjoyable",2
"enjoyment",2
"enormous",2
"enrich",2
"ensuring",2
"entangled",2
"entanglement",2
"entering",2
"entertaining",2
"entertainment",2
"entices",2
"entirely",2
"entomologist",2
"entrepreneurs",2
"equipment",2
"eroded",2
"error",2
"escape",2
"essence",2
"established",2
"estimated",2
"etc",2
"evaluate",2
"evaluating",2
"event",2
"everyday",2
"everywhere",2
"evident",2
"evolution",2
"exactly",2
"exceeds",2
"excelled",2
"except",2
"excessive",2
"excursion",2
"exhibited",2
"existence",2
"exists",2
"expansion",2
"expect",2
"expectancy",2
"expecting",2
"expense",2
"experienced",2
"experimental",2
"experimented",2
"expertise",2
"expertly",2
"explanations",2
"exploiting",2
"exploration",2
"explored",2
"export",2
"expound",2
"expressive",2
"extant",2
"extend",2
"extended",2
"extensive",2
"extensively",2
"extolled",2
"extract",2
"extraction",2
"eyes",2
"facilitated",2
"factor",2
"faculty",2
"fail",2
"families",2
"famous",2
"fantasy",2
"farming",2
"farmland",2
"fashion",2
"fast",2
"fat",2
"father",2
"fats",2
"faulty",2
"favor",2
"favoring",2
"fear",2
"feared",2
"fearing",2
"fears",2
"feast",2
"feats",2
"feature",2
"fed",2
"fee",2
"feedback",2
"fell",2
"fellow",2
"felt",2
"festivals",2
"fever",2
"fibers",2
"field",2
"figures",2
"filed",2
"filled",2
"filthy",2
"finally",2
"financially",2
"fine",2
"finished",2
"firmly",2
"fisher",2
"fishing",2
"flares",2
"flaring",2
"flashcards",2
"flat",2
"flesh",2
"flexibility",2
"flies",2
"floating",2
"flood",2
"floods",2
"flow",2
"followers",2
"fond",2
"forces",2
"fore",2
"forefathers",2
"forgotten",2
"forks",2
"formation",2
"former",2
"fortunately",2
"fostered",2
"foul",2
"founded",2
"founder",2
"founding",2
"fountain",2
"fox",2
"framework",2
"french",2
"frequent",2
"frequently",2
"friend",2
"friends",2
"friendship",2
"frightening",2
"fulfilling",2
"functional",2
"furthermore",2
"gadgets",2
"gained",2
"gallant",2
"gallery",2
"games",2
"gate",2
"gems",2
"gene",2
"generates",2
"generator",2
"genetic",2
"genomes",2
"genre",2
"geographical",2
"germs",2
"gifts",2
"git",2
"glands",2
"glorious",2
"glue",2
"gods",2
"goes",2
"gown",2
"grade",2
"graduates",2
"graham",2
"grandfather",2
"grasp",2
"green",2
"grid",2
"ground",2
"groundbreaking",2
"groups",2
"grown",2
"guarantees",2
"guidance",2
"guide",2
"guiding",2
"guilder",2
"gulf",2
"gym",2
"habitable",2
"habitats",2
"hall",2
"handed",2
"handling",2
"handout",2
"happens",2
"happy",2
"harmful",2
"harsh",2
"harsher",2
"head",2
"heading",2
"heavily",2
"heavy",2
"heroes",2
"hierarchies",2
"hierarchy",2
"highest",2
"highlights",2
"himself",2
"historically",2
"hold",2
"holidays",2
"hone",2
"hopefully",2
"hotly",2
"hour",2
"hours",2
"hr",2
"hundred",2
"hundreds",2
"hunt",2
"hunting",2
"hurdles",2
"hypothesis",2
"ideally",2
"identifying",2
"ignoring",2
"ii",2
"iii",2
"illnesses",2
"illustrator",2
"imagination",2
"imagining",2
"imitate",2
"immediately",2
"immortal",2
"implication",2
"implies",2
"impressive",2
"improving",2
"inadequate",2
"inboxes",2
"inclusion",2
"income",2
"incorrect",2
"independently",2
"indicator",2
"individuals",2
"induction",2
"industrial",2
"infection",2
"inferior",2
"influenced",2
"influences",2
"informing",2
"infrequently",2
"ingenious",2
"ingeniously",2
"ingenuity",2
"ingesting",2
"ingredient",2
"ingredients",2
"inherently",2
"initial",2
"initiated",2
"injuries",2
"injuring",2
"ink",2
"innovating",2
"innovation",2
"input",2
"insert",2
"inside",2
"insignificant",2
"instantly",2
"institutions",2
"instructional",2
"instrumental",2
"intake",2
"intends",2
"intense",2
"interact",2
"interactive",2
"interior",2
"interpret",2
"interrogating",2
"intervened",2
"intervention",2
"interviewers",2
"intestinal",2
"introduce",2
"inventors",2
"invest",2
"investigate",2
"investigations",2
"investigator",2
"investigators",2
"invite",2
"invited",2
"inviting",2
"involvement",2
"involving",2
"ironically",2
"irresponsible",2
"irritation",2
"isolation",2
"items",2
"iv",2
"jawbone",2
"jaws",2
"jenny",2
"johns",2
"join",2
"joined",2
"joining",2
"journal",2
"joy",2
"jumping",2
"jury",2
"keepers",2
"keeps",2
"killing",2
"kindergartens",2
"king",2
"kings",2
"kn",2
"knew",2
"knives",2
"label",2
"lacked",2
"lacking",2
"lagoon",2
"lake",2
"lamenting",2
"landholdings",2
"languages",2
"launched",2
"leaders",2
"leads",2
"leaflets",2
"leg",2
"legacy",2
"legs",2
"leisure",2
"length",2
"lethal",2
"liability",2
"likelihood",2
"link",2
"listened",2
"lists",2
"lit",2
"literal",2
"lived",2
"ll",2
"local",2
"locate",2
"locating",2
"locked",2
"longs",2
"looming",2
"loosely",2
"lord",2
"lose",2
"loss",2
"love",2
"luck",2
"lumber",2
"m",2
"magnesium",2
"malls",2
"manageable",2
"managed",2
"managerial",2
"mandibles",2
"manner",2
"mansion",2
"manufacturer",2
"map",2
"marching",2
"mark",2
"marketed",2
"markets",2
"masses",2
"massively",2
"master",2
"mastery",2
"material",2
"mathematics",2
"meal",2
"mean",2
"meant",2
"meanwhile",2
"measured",2
"measures",2
"measuring",2
"mechanical",2
"mechanically",2
"mechanisms",2
"medication",2
"memory",2
"men",2
"mentality",2
"mentally",2
"mentors",2
"merchant",2
"miasma",2
"mice",2
"micro",2
"microorganisms",2
"microscopic",2
"mil",2
"milder",2
"miles",2
"millennia",2
"millimeters",2
"millipedes",2
"mindful",2
"mindset",2
"mine",2
"ministry",2
"minute",2
"misguided",2
"misleading",2
"miss",2
"misses",2
"missing",2
"misused",2
"mix",2
"mixed",2
"models",2
"modification",2
"molecular",2
"moments",2
"monkeys",2
"month",2
"mope",2
"moreover",2
"mosquitoes",2
"motivate",2
"motivates",2
"motivating",2
"motivational",2
"motivator",2
"motivators",2
"motives",2
"mountains",2
"mounting",2
"mouse",2
"mt",2
"multi",2
"museum",2
"museums",2
"musical",2
"nationality",2
"naturally",2
"nave",2
"nearly",2
"neither",2
"nevertheless",2
"nice",2
"nine",2
"none",2
"nor",2
"noted",2
"nutcracker",2
"ob",2
"objects",2
"obligated",2
"observations",2
"observatory",2
"observe",2
"observing",2
"obsession",2
"obstacles",2
"obtain",2
"obtaining",2
"obvious",2
"occasions",2
"occidental",2
"occupy",2
"offensive",2
"officials",2
"offshore",2
"oft",2
"oi",2
"olive",2
"om",2
"ongoing",2
"onus",2
"oozing",2
"opera",2
"opinions",2
"opposite",2
"optimal",2
"optimistic",2
"options",2
"organic",2
"organism",2
"organization",2
"orientation",2
"originated",2
"ostracism",2
"ourselves",2
"outbreaks",2
"outcomes",2
"outlook",2
"outreach",2
"outside",2
"outskirts",2
"outweighs",2
"overpower",2
"overseas",2
"overtime",2
"overused",2
"owned",2
"owners",2
"ownership",2
"pages",2
"painkillers",2
"painting",2
"panicked",2
"parks",2
"pascal",2
"passed",2
"passively",2
"patent",2
"path",2
"patient",2
"pattern",2
"paying",2
"payment",2
"perceive",2
"percent",2
"percentage",2
"percussionist",2
"perfected",2
"perfectionists",2
"perfectly",2
"performances",2
"petroleum",2
"pharmaceuticals",2
"philosophies",2
"phone",2
"photographing",2
"physically",2
"pianist",2
"pictures",2
"pigeon",2
"pipe",2
"pitfalls",2
"pivotal",2
"places",2
"platonic",2
"player",2
"players",2
"please",2
"pleasurable",2
"pleasure",2
"pm",2
"poison",2
"police",2
"polluting",2
"poms",2
"pool",2
"poorer",2
"poorly",2
"portrait",2
"positioning",2
"positions",2
"positively",2
"possess",2
"possibilities",2
"post",2
"potent",2
"potentially",2
"pots",2
"pow",2
"practical",2
"practice",2
"precedent",2
"precise",2
"predator",2
"predicted",2
"predictions",2
"predictor",2
"predisposition",2
"predominantly",2
"prefer",2
"preferable",2
"preference",2
"preferential",2
"preferred",2
"prehistoric",2
"preparation",2
"prepared",2
"preschoolers",2
"presentations",2
"preserve",2
"pressured",2
"prestige",2
"presuppositions",2
"pretending",2
"preventing",2
"prevention",2
"previously",2
"price",2
"prices",2
"primates",2
"priority",2
"prize",2
"prizes",2
"procedures",2
"proceedings",2
"processes",2
"processing",2
"proclaimed",2
"produces",2
"producing",2
"productive",2
"profit",2
"profitable",2
"projector",2
"promote",2
"prompted",2
"prone",2
"property",2
"proposed",2
"proposes",2
"prospect",2
"prospects",2
"prosperous",2
"protected",2
"protecting",2
"protection",2
"prove",2
"proverbs",2
"proves",2
"provided",2
"provides",2
"provinces",2
"publication",2
"pulling",2
"pump",2
"pupae",2
"purposeless",2
"pursued",2
"pursuits",2
"puzzle",2
"q",2
"qualities",2
"quiet",2
"quoted",2
"races",2
"raise",2
"raises",2
"raising",2
"ran",2
"ranges",2
"rapid",2
"rare",2
"rarely",2
"rat",2
"rats",2
"reach",2
"reached",2
"reacting",2
"reactions",2
"reads",2
"ready",2
"realism",2
"rear",2
"reasoning",2
"received",2
"recently",2
"recesses",2
"recommendations",2
"recommended",2
"record",2
"recording",2
"recovery",2
"recurring",2
"rediscover",2
"reduced",2
"reduces",2
"reducing",2
"refers",2
"reflect",2
"reflects",2
"regards",2
"region",2
"regions",2
"regular",2
"regularly",2
"reintroduction",2
"reinvent",2
"reinvention",2
"rejected",2
"relates",2
"relating",2
"relation",2
"relations",2
"relationships",2
"relentlessly",2
"relevance",2
"reliance",2
"remaining",2
"remarkable",2
"remnants",2
"remove",2
"removed",2
"renewed",2
"repair",2
"repairs",2
"repercussions",2
"repertoire",2
"replace",2
"replaced",2
"report",2
"representation",2
"representing",2
"reproduce",2
"reputation",2
"requirements",2
"requires",2
"reserves",2
"residence",2
"resistance",2
"resources",2
"restricted",2
"restrictions",2
"resulted",2
"retail",2
"retired",2
"return",2
"returns",2
"revealed",2
"reveals",2
"reverse",2
"reversible",2
"reviewed",2
"reviewing",2
"rhetoric",2
"rhythm",2
"rid",2
"rights",2
"rigid",2
"rigs",2
"rings",2
"rises",2
"road",2
"robust",2
"roles",2
"romantic",2
"rooftop",2
"round",2
"routines",2
"royal",2
"rub",2
"running",2
"sail",2
"sailed",2
"sailing",2
"salary",2
"sand",2
"sane",2
"satellite",2
"save",2
"saved",2
"saving",2
"savings",2
"scarce",2
"scenery",2
"scientist",2
"scope",2
"scrapping",2
"scratch",2
"scratched",2
"seabed",2
"search",2
"seas",2
"seat",2
"seating",2
"seats",2
"secondly",2
"secret",2
"securing",2
"seemingly",2
"seized",2
"sell",2
"semicircle",2
"seminars",2
"senescence",2
"sent",2
"sentences",2
"series",2
"sessions",2
"setters",2
"setting",2
"settle",2
"settled",2
"settlement",2
"settlements",2
"severely",2
"sex",2
"shape",2
"share",2
"sharp",2
"shed",2
"shellfish",2
"shh",2
"shift",2
"shine",2
"shipwrecks",2
"shirt",2
"shop",2
"shortage",2
"shot",2
"shuttle",2
"sight",2
"significance",2
"silt",2
"similarly",2
"simplest",2
"simulations",2
"simultaneously",2
"sincere",2
"sincerely",2
"sirens",2
"situation",2
"situations",2
"size",2
"skill",2
"sky",2
"skyscraper",2
"sleep",2
"slim",2
"slowly",2
"smelling",2
"snacks",2
"snip",2
"societies",2
"solely",2
"solution",2
"solutions",2
"solved",2
"solvers",2
"somehow",2
"sometimes",2
"soothing",2
"sort",2
"sound",2
"sounded",2
"sounds",2
"southeast",2
"souvenirs",2
"spa",2
"space",2
"spaghetti",2
"spared",2
"speak",2
"special",2
"specialize",2
"specialized",2
"specific",2
"specimens",2
"spectacular",2
"speculating",2
"speech",2
"spending",2
"spilling",2
"spite",2
"spoiled",2
"spontaneously",2
"sports",2
"spring",2
"squander",2
"stages",2
"staircase",2
"stand",2
"starvation",2
"state",2
"stated",2
"statesmen",2
"stations",2
"statistics",2
"status",2
"staying",2
"stays",2
"steadily",2
"steamboats",2
"steel",2
"steep",2
"steered",2
"stem",2
"stimulus",2
"stock",2
"stolen",2
"stomachs",2
"stone",2
"stones",2
"stop",2
"stopped",2
"strange",2
"strategically",2
"stream",2
"streams",2
"stressful",2
"stretches",2
"strictly",2
"strikingly",2
"structuring",2
"struggled",2
"sturdy",2
"style",2
"styles",2
"subduing",2
"subsequent",2
"substance",2
"substantial",2
"succeed",2
"successes",2
"successfully",2
"succinctly",2
"suck",2
"sudden",2
"suffered",2
"suffering",2
"sufficiently",2
"sugar",2
"sugars",2
"suggesting",2
"suggestions",2
"sum",2
"summarized",2
"sun",2
"sunken",2
"supplementation",2
"supplements",2
"supplies",2
"supporting",2
"surprisingly",2
"survival",2
"suspect",2
"suspects",2
"sweeping",2
"switched",2
"symbols",2
"synthesis",2
"ta",2
"table",2
"tablets",2
"tact",2
"takes",2
"tale",2
"talents",2
"tales",2
"talking",2
"tall",2
"tanker",2
"tb",2
"tea",2
"teach",2
"teachers",2
"teams",2
"tech",2
"technical",2
"techniques",2
"technological",2
"tell",2
"tells",2
"telltale",2
"temperatures",2
"tend",2
"tendency",2
"tennis",2
"tens",2
"terrestrial",2
"terrible",2
"tethered",2
"textiles",2
"themed",2
"theorists",2
"therapeutic",2
"thereby",2
"thermal",2
"thesis",2
"third",2
"thirdly",2
"thoroughly",2
"thought",2
"thoughtful",2
"threatened",2
"thrived",2
"tickets",2
"tide",2
"tides",2
"tiger",2
"timeline",2
"timetable",2
"timing",2
"tire",2
"tissues",2
"tit",2
"titles",2
"toddlers",2
"toe",2
"toiletries",2
"told",2
"tor",2
"totally",2
"tour",2
"toxic",2
"toxin",2
"tr",2
"track",2
"tracked",2
"trade",2
"traditionally",2
"traffic",2
"trainers",2
"training",2
"trait",2
"translated",2
"transmitting",2
"transporting",2
"treat",2
"treated",2
"tree",2
"trivial",2
"trombonist",2
"troubling",2
"truly",2
"trumpeter",2
"truth",2
"trying",2
"ts",2
"tuberculosis",2
"turn",2
"turns",2
"turrets",2
"turtles",2
"twice",2
"ubiquity",2
"ultimately",2
"unable",2
"unanimously",2
"unconscious",2
"uncontrolled",2
"underdeveloped",2
"underlying",2
"underpins",2
"understood",2
"undertake",2
"undisputed",2
"unfamiliar",2
"unfavorable",2
"unhealthy",2
"unhelpful",2
"unintelligent",2
"union",2
"unique",2
"units",2
"universal",2
"unlikely",2
"unlocked",2
"unnecessary",2
"unpredictable",2
"unquestioned",2
"unsatisfactory",2
"unsuitable",2
"untroubled",2
"unusual",2
"usage",2
"utility",2
"vacations",2
"validity",2
"valuing",2
"vandalism",2
"variables",2
"variation",2
"varied",2
"varies",2
"vary",2
"varying",2
"vehicles",2
"venerate",2
"venom",2
"ventilating",2
"vi",2
"via",2
"victims",2
"video",2
"viewed",2
"vii",2
"viii",2
"village",2
"villages",2
"vine",2
"virtual",2
"virtually",2
"virtues",2
"visiting",2
"visual",2
"visuals",2
"vital",2
"voluntary",2
"volunteering",2
"wake",2
"wales",2
"walk",2
"walked",2
"walking",2
"war",2
"warn",2
"warning",2
"wash",2
"wasp",2
"waste",2
"watched",2
"waterfalls",2
"wave",2
"weaknesses",2
"wear",2
"wearing",2
"websites",2
"weekends",2
"weekly",2
"weeks",2
"weir",2
"welcome",2
"welcomes",2
"western",2
"whose",2
"wicked",2
"wife",2
"willing",2
"witches",2
"withdrew",2
"wonder",2
"wonderful",2
"woodland",2
"workplaces",2
"works",2
"workshops",2
"worldwide",2
"worms",2
"worse",2
"worth",2
"wrecks",2
"xx",2
"yacht",2
"yam",2
"yields",2
"yo",2
"youngsters",2
"yourself",2
"z",2
"zoologist",2
"zoologists",2
"col",1
"company's",1
"don't",1
"it's",1
"nasty",1
"native",1
"nearby",1
"negative",1
"negatively",1
"negatives",1
"negotiations",1
"neural",1
"neurons",1
"niche",1
"niece",1
"nobody",1
"notions",1
"noxious",1
"nutrients",1
"summer's",1
"they'd",1
"won't",1
