,word,n
1,ms,293
2,questions,239
3,mail,194
4,refer,190
5,test,186
6,â,185
7,page,167
8,pm,161
9,business,150
10,time,137
11,date,126
12,company,114
13,web,113
14,answer,112
15,office,111
16,meeting,109
17,staff,104
18,service,103
19,online,91
20,site,90
21,information,88
22,subject,84
23,article,79
24,dear,74
25,employees,74
26,customer,73
27,building,72
28,job,66
29,project,65
30,schedule,64
31,event,63
32,city,62
33,letter,62
34,team,62
35,conference,61
36,text,59
37,contact,56
38,local,56
39,week,54
40,store,53
41,customers,52
42,items,52
43,request,51
44,line,50
45,products,50
46,receive,50
47,complete,49
48,home,49
49,recently,49
50,restaurant,49
51,sentence,48
52,training,47
53,design,46
54,june,46
55,april,44
56,directions,44
57,form,44
58,march,44
59,sheet,44
60,month,43
61,position,43
62,product,43
63,sales,43
64,send,43
65,street,43
66,software,42
67,suggested,42
68,item,41
69,offer,41
70,attend,40
71,department,40
72,reading,40
73,mark,39
74,system,39
75,texts,39
76,november,38
77,select,38
78,word,38
79,check,37
80,price,37
81,program,37
82,purchase,37
83,set,37
84,water,37
85,day,36
86,marketing,36
87,ticket,36
88,additional,35
89,experience,35
90,provide,35
91,read,35
92,food,34
93,hotel,34
94,location,34
95,manager,34
96,people,34
97,positions,34
98,train,34
99,july,33
100,management,33
101,minutes,33
102,october,33
103,call,32
104,friday,32
105,hours,32
106,park,32
107,purpose,32
108,received,32
109,special,32
110,visit,32
111,delivery,31
112,meet,31
113,message,31
114,purchased,31
115,sincerely,31
116,space,31
117,bus,30
118,details,30
119,free,30
120,include,30
121,maintenance,30
122,parking,30
123,return,30
124,review,30
125,tickets,30
126,book,29
127,plan,29
128,travel,29
129,announce,28
130,august,28
131,forward,28
132,report,28
133,required,28
134,scheduled,28
135,september,28
136,located,27
137,news,27
138,notice,27
139,past,27
140,recent,27
141,advertising,26
142,change,26
143,company's,26
144,director,26
145,equipment,26
146,firm,26
147,http,26
148,interview,26
149,question,26
150,support,26
151,variety,26
152,february,25
153,logo,25
154,missing,25
155,monday,25
156,note,25
157,offers,25
158,type,25
159,university,25
160,access,24
161,account,24
162,attached,24
163,current,24
164,days,24
165,follow,24
166,process,24
167,public,24
168,residents,24
169,services,24
170,skills,24
171,submit,24
172,TRUE,24
173,belong,23
174,class,23
175,employee,23
176,events,23
177,expected,23
178,hope,23
179,mails,23
180,marked,23
181,medical,23
182,morning,23
183,property,23
184,sale,23
185,shipping,23
186,summer,23
187,trip,23
188,assistant,22
189,award,22
190,care,22
191,community,22
192,completed,22
193,construction,22
194,discount,22
195,museum,22
196,opportunity,22
197,phone,22
198,presentation,22
199,quality,22
200,resources,22
201,times,22
202,visitors,22
203,based,21
204,called,21
205,choices,21
206,clients,21
207,closest,21
208,computer,21
209,cost,21
210,development,21
211,discuss,21
212,due,21
213,facilities,21
214,glass,21
215,health,21
216,january,21
217,limited,21
218,list,21
219,materials,21
220,offered,21
221,prices,21
222,shop,21
223,features,20
224,financial,20
225,future,20
226,lunch,20
227,market,20
228,months,20
229,percent,20
230,phrase,20
231,popular,20
232,print,20
233,station,20
234,successful,20
235,suggest,20
236,writes,20
237,__,19
238,added,19
239,addition,19
240,agenda,19
241,answers,19
242,attachment,19
243,budget,19
244,chef,19
245,creative,19
246,discussion,19
247,human,19
248,meetings,19
249,newspaper,19
250,pleased,19
251,regular,19
252,research,19
253,safety,19
254,sold,19
255,supplies,19
256,advance,18
257,ago,18
258,begin,18
259,board,18
260,companies,18
261,express,18
262,floor,18
263,includes,18
264,meaning,18
265,media,18
266,paper,18
267,paragraph,18
268,president,18
269,reservation,18
270,size,18
271,start,18
272,stay,18
273,address,17
274,advertisement,17
275,afternoon,17
276,application,17
277,art,17
278,center,17
279,color,17
280,create,17
281,degree,17
282,employment,17
283,feedback,17
284,final,17
285,green,17
286,hired,17
287,invitation,17
288,main,17
289,policy,17
290,printers,17
291,production,17
292,sessions,17
293,success,17
294,survey,17
295,technology,17
296,write,17
297,apply,16
298,awards,16
299,box,16
300,campus,16
301,chat,16
302,close,16
303,closed,16
304,clothing,16
305,daily,16
306,description,16
307,district,16
308,easy,16
309,enjoy,16
310,festival,16
311,guest,16
312,guests,16
313,including,16
314,increase,16
315,inform,16
316,lj,16
317,º,16
318,owners,16
319,posted,16
320,professional,16
321,restaurants,16
322,run,16
323,saturday,16
324,security,16
325,taking,16
326,tuesday,16
327,___,15
328,applicants,15
329,benefit,15
330,businesses,15
331,cafe,15
332,card,15
333,continue,15
334,cover,15
335,december,15
336,dinner,15
337,encouraged,15
338,feature,15
339,fee,15
340,focus,15
341,found,15
342,furniture,15
343,happy,15
344,hour,15
345,idea,15
346,ideas,15
347,jobs,15
348,join,15
349,learn,15
350,leave,15
351,left,15
352,london,15
353,memo,15
354,messages,15
355,person,15
356,printing,15
357,projects,15
358,quickly,15
359,regularly,15
360,results,15
361,selection,15
362,session,15
363,shuttle,15
364,sign,15
365,south,15
366,stop,15
367,strong,15
368,traffic,15
369,updated,15
370,workers,15
371,amount,14
372,annual,14
373,apparel,14
374,bring,14
375,desks,14
376,dr,14
377,entire,14
378,evening,14
379,excellent,14
380,finish,14
381,held,14
382,hiring,14
383,industrial,14
384,industry,14
385,instant,14
386,international,14
387,issue,14
388,monthly,14
389,music,14
390,night,14
391,offering,14
392,original,14
393,paid,14
394,personal,14
395,photographs,14
396,plans,14
397,proposal,14
398,release,14
399,share,14
400,specific,14
401,total,14
402,tour,14
403,wednesday,14
404,workshop,14
405,____,13
406,announced,13
407,approved,13
408,arrive,13
409,bear,13
410,ceo,13
411,classes,13
412,code,13
413,concerns,13
414,contract,13
415,corporate,13
416,council,13
417,daniel,13
418,designs,13
419,east,13
420,enter,13
421,field,13
422,fine,13
423,fresh,13
424,increased,13
425,intended,13
426,jones,13
427,lee,13
428,power,13
429,press,13
430,radio,13
431,resume,13
432,road,13
433,social,13
434,st,13
435,stores,13
436,tech,13
437,temporary,13
438,tomorrow,13
439,top,13
440,units,13
441,upcoming,13
442,valley,13
443,world,13
444,approval,12
445,attendees,12
446,benefits,12
447,boxes,12
448,choose,12
449,city's,12
450,clean,12
451,client,12
452,completion,12
453,confirm,12
454,creating,12
455,designed,12
456,digital,12
457,division,12
458,downtown,12
459,ensure,12
460,gas,12
461,house,12
462,included,12
463,instructions,12
464,magazine,12
465,manufacturing,12
466,menu,12
467,optieris,12
468,owner,12
469,password,12
470,performance,12
471,photography,12
472,previous,12
473,ready,12
474,refund,12
475,representative,12
476,retail,12
477,school,12
478,serve,12
479,significant,12
480,solutions,12
481,standing,12
482,students,12
483,supervisor,12
484,swimming,12
485,ten,12
486,thursday,12
487,town,12
488,transportation,12
489,update,12
490,year's,12
491,_j,11
492,air,11
493,arrange,11
494,articles,11
495,artists,11
496,assist,11
497,branch,11
498,bright,11
499,brochure,11
500,car,11
501,carpets,11
502,comments,11
503,convenience,11
504,corporation,11
505,created,11
506,decided,11
507,decision,11
508,desk,11
509,editor,11
510,electronic,11
511,family,11
512,garden,11
513,government,11
514,headquarters,11
515,images,11
516,institute,11
517,instructors,11
518,insurance,11
519,late,11
520,lead,11
521,managers,11
522,mentioned,11
523,morris,11
524,organization,11
525,participants,11
526,patients,11
527,payment,11
528,planning,11
529,range,11
530,requested,11
531,require,11
532,requires,11
533,responsible,11
534,route,11
535,seminars,11
536,separate,11
537,spaces,11
538,square,11
539,started,11
540,types,11
541,weeks,11
