word,n
ms,426
questions,368
na,339
refer,286
test,283
mail,269
page,250
pm,234
business,206
time,196
answer,172
company,164
date,159
office,158
web,156
meeting,145
information,141
service,140
staff,136
site,128
online,116
article,108
employees,106
letter,106
dear,105
contact,99
event,98
customer,97
building,94
schedule,93
city,90
text,89
job,88
subject,88
product,81
complete,78
line,78
project,78
store,78
team,78
conference,77
week,77
customers,74
items,73
sentence,73
june,72
receive,72
send,72
item,71
mark,71
form,70
products,70
local,69
sheet,69
suggested,69
training,68
request,67
sales,67
april,66
department,66
directions,66
month,66
hotel,65
home,64
recently,64
space,64
manager,63
word,63
book,62
restaurant,62
street,62
day,61
reading,61
offer,60
travel,60
purchase,59
texts,59
november,58
select,58
set,58
food,57
include,56
provide,56
review,56
position,55
visit,55
people,54
read,54
system,54
design,53
free,53
march,53
report,52
park,51
price,51
additional,49
attend,49
hours,49
check,48
experience,48
location,48
marketing,48
program,48
received,48
meet,47
notice,47
call,46
delivery,46
friday,46
plan,46
positions,46
center,45
community,45
located,45
purpose,45
sincerely,45
software,45
train,45
director,44
july,44
management,44
scheduled,44
september,44
services,44
details,43
offers,43
cost,42
special,42
water,42
minutes,41
october,41
purchased,41
return,41
tickets,41
monday,40
parking,40
question,40
university,40
closest,39
days,39
news,39
ticket,39
change,38
logo,38
message,38
missing,38
recent,38
required,38
announce,37
employee,37
marked,37
shipping,37
shop,37
variety,37
advertising,36
development,36
discount,36
materials,36
meaning,36
public,36
submit,36
computer,35
firm,35
follow,35
morning,35
paragraph,35
past,35
saturday,35
trip,35
type,35
august,34
class,34
clients,34
completed,34
equipment,34
events,34
february,34
forward,34
january,34
phone,34
presentation,34
addition,33
belong,33
bus,33
choices,33
current,33
financial,33
maintenance,33
months,33
note,33
phrase,33
prices,33
quality,33
TRUE,33
company's,32
resources,32
size,32
visitors,32
writes,32
advertisement,31
ago,31
found,31
interview,31
list,31
mails,31
offered,31
process,31
research,31
residents,31
skills,31
workshop,31
answers,30
arrive,30
begin,30
client,30
expected,30
features,30
floor,30
includes,30
library,30
pleased,30
support,30
construction,29
due,29
held,29
hired,29
lunch,29
market,29
property,29
station,29
survey,29
access,28
account,28
annual,28
assistant,28
award,28
cm,28
color,28
companies,28
discuss,28
hope,28
limited,28
museum,28
popular,28
production,28
sale,28
times,28
address,27
budget,27
businesses,27
called,27
closed,27
corporate,27
dr,27
guest,27
london,27
newspaper,27
policy,27
write,27
advance,26
based,26
care,26
confirm,26
corporation,26
daily,26
encouraged,26
facilities,26
final,26
future,26
happy,26
http,26
increase,26
mall,26
meetings,26
music,26
opportunity,26
plans,26
president,26
successful,26
summer,26
technology,26
tour,26
upcoming,26
__,25
art,25
attached,25
board,25
chef,25
choose,25
clothing,25
contract,25
creative,25
enjoy,25
festival,25
human,25
including,25
instructions,25
international,25
learn,25
media,25
medical,25
owners,25
participants,25
percent,25
person,25
print,25
stay,25
transportation,25
updated,25
card,24
express,24
finish,24
professional,24
safety,24
security,24
stores,24
supplies,24
tuesday,24
blue,23
car,23
chat,23
close,23
desk,23
fee,23
feedback,23
glass,23
health,23
original,23
regular,23
road,23
session,23
sign,23
sold,23
sponsor,23
suggest,23
units,23
added,22
afternoon,22
announced,22
cover,22
description,22
discussion,22
employment,22
engineering,22
flight,22
green,22
guests,22
history,22
hour,22
industry,22
level,22
magazine,22
main,22
messages,22
paper,22
proposal,22
ready,22
reservation,22
sessions,22
south,22
start,22
stop,22
taking,22
total,22
agenda,21
air,21
airport,21
allowed,21
apply,21
bicycle,21
box,21
charge,21
continue,21
create,21
december,21
electronic,21
entire,21
excellent,21
furniture,21
increased,21
issue,21
left,21
locations,21
opportunities,21
posted,21
press,21
printing,21
quickly,21
selection,21
tomorrow,21
top,21
unit,21
wednesday,21
attachment,20
black,20
bring,20
council,20
field,20
included,20
inform,20
join,20
leave,20
lee,20
options,20
owner,20
performance,20
previous,20
restaurants,20
results,20
run,20
style,20
writing,20
apparel,19
degree,19
designed,19
digital,19
easy,19
ensure,19
feature,19
instant,19
invitation,19
offering,19
package,19
personal,19
photographs,19
printers,19
projects,19
students,19
success,19
supply,19
update,19
world,19
agent,18
application,18
articles,18
benefit,18
campus,18
chain,18
clean,18
copy,18
dinner,18
district,18
editor,18
enter,18
family,18
fashion,18
featured,18
focus,18
hiring,18
house,18
idea,18
industrial,18
intended,18
kim,18
lost,18
memo,18
menu,18
planning,18
radio,18
recommend,18
repair,18
retail,18
school,18
share,18
shopping,18
shuttle,18
strong,18
workers,18
___,17
accounting,17
approved,17
arrived,17
awards,17
books,17
brown,17
buildings,17
cafe,17
classes,17
concerns,17
coupon,17
decided,17
designs,17
evening,17
exhibition,17
jobs,17
late,17
lot,17
mentioned,17
previously,17
refund,17
regularly,17
release,17
responsible,17
season,17
separate,17
social,17
spaces,17
storage,17
supervisor,17
thursday,17
traffic,17
types,17
amount,16
applicants,16
arrange,16
artists,16
avenue,16
bay,16
benefits,16
children,16
code,16
coming,16
division,16
downtown,16
fine,16
fresh,16
gardens,16
hall,16
ideas,16
images,16
lead,16
lj,16
night,16
ý,16
paid,16
pay,16
promote,16
provided,16
range,16
representative,16
requires,16
serve,16
specific,16
temporary,16
town,16
weeks,16
year's,16
agency,15
agreement,15
arrangements,15
attendees,15
bank,15
ceo,15
created,15
east,15
expensive,15
explain,15
factory,15
garden,15
growing,15
headquarters,15
ideal,15
inquire,15
internet,15
introduce,15
invited,15
lease,15
listed,15
membership,15
monthly,15
move,15
photography,15
pieces,15
policies,15
post,15
prepare,15
rent,15
rental,15
requested,15
reserved,15
resume,15
solutions,15
square,15
st,15
started,15
tech,15
trail,15
version,15
written,15
____,14
advertise,14
assist,14
attending,14
author,14
beautiful,14
beginning,14
bright,14
career,14
city's,14
closing,14
comments,14
completion,14
comprehension,14
costs,14
crew,14
daniel,14
decision,14
desks,14
directly,14
documents,14
entrance,14
expanding,14
fair,14
fit,14
fund,14
host,14
improve,14
ink,14
instructors,14
invoice,14
kitchen,14
led,14
luggage,14
managers,14
manufacturing,14
material,14
patients,14
photo,14
power,14
purchasing,14
reception,14
replacement,14
reservations,14
reviews,14
san,14
sentences,14
served,14
stated,14
study,14
subscribers,14
ten,14
theatre,14
transport,14
valley,14
venue,14
wide,14
activities,13
approval,13
artwork,13
bear,13
boxes,13
branch,13
brochure,13
court,13
creating,13
davis,13
designer,13
determine,13
dining,13
document,13
enclosed,13
energy,13
finally,13
gas,13
government,13
hear,13
installation,13
institute,13
interviews,13
jones,13
la,13
light,13
mention,13
multiple,13
participate,13
payment,13
programme,13
proposed,13
rate,13
require,13
reserve,13
result,13
selected,13
sell,13
selling,13
seminars,13
senior,13
shirts,13
speak,13
standing,13
submission,13
suggestions,13
taste,13
unique,13
white,13
workshops,13
yesterday,13
accepted,12
appointment,12
associate,12
campaign,12
candidates,12
celebration,12
centerville,12
convenience,12
convenient,12
cooking,12
courses,12
deadline,12
difficult,12
dress,12
earlier,12
effective,12
executive,12
facility,12
film,12
finance,12
forms,12
gallery,12
game,12
gift,12
hold,12
industries,12
knowledge,12
learning,12
morris,12
motors,12
moving,12
notes,12
offices,12
optieris,12
organization,12
password,12
planned,12
potential,12
publication,12
raising,12
region,12
related,12
renovation,12
replaced,12
returning,12
route,12
shoe,12
short,12
significant,12
star,12
starting,12
swimming,12
talk,12
telephone,12
topic,12
transit,12
traveling,12
vice,12
visiting,12
weather,12
writer,12
york,12
_j,11
activity,11
airlines,11
arrival,11
associates,11
association,11
bags,11
beach,11
brand,11
built,11
carpets,11
cars,11
conducted,11
consulting,11
data,11
delayed,11
delivered,11
directors,11
discussed,11
display,11
drive,11
electronics,11
encourage,11
environmental,11
expect,11
extra,11
famous,11
feel,11
finished,11
frequent,11
grand,11
hand,11
handbook,11
hashimoto,11
iï,11
ingredients,11
insurance,11
internship,11
invite,11
kilometers,11
leadership,11
lobby,11
makes,11
mayor,11
meters,11
mobile,11
model,11
musical,11
nearby,11
noon,11
option,11
personnel,11
pick,11
plant,11
plastic,11
prepared,11
prior,11
produce,11
programs,11
publishing,11
quarter,11
recipes,11
residential,11
samples,11
sells,11
shipment,11
signed,11
sizes,11
stock,11
sunday,11
television,11
trade,11
unable,11
video,11
view,11
weekend,11
